study_name,value,c1,c2,c3,inputWeights_max,inputWeights_min,interSpeciesRate,keep,noCrossoverOff,probabilityAddLink_Large,probabilityAddLink_small,probabilityAddNodeLarge,probabilityAddNodeSmall,probabilityWeightMutated,threshold,number,state
IZ-A,0.96,1.1402580973917436,0.8019299047534597,0.352620858355313,155.3751417274834,93.5268043627442,0.0007548384161628465,0.4497826925571611,0.33130100296793497,0.1334343765226746,0.03198108449024998,0.37276226376587773,0.02634769515640111,0.7505297398267089,2.9279612095577865,23,COMPLETE
IZ-B,0.95,1.072,0.799,0.302,150.0,110.0,0.001,0.473,0.347,0.195,0.033,0.359,0.021,0.827,2.714,0,COMPLETE
IZ-C,0.98,0.9773279255013966,1.2496785220420878,0.38142883312221904,136.73854503756922,94.86093686197323,0.0008703628498408053,0.4214864566288333,0.16104721232684577,0.1637967151871065,0.013855761640336934,0.0626575167383521,0.03439111789067293,0.7428166776729942,3.0617658200369426,18,COMPLETE
IZ-D,0.95,1.323785212285495,0.785124715551434,0.3177083098143632,165.71262178542113,107.49751673836037,0.0011939621356759605,0.5865224863928313,0.3370351990053822,0.08618361486234694,0.024918322196364466,0.17821739737109982,0.0327401482346079,0.7976358897780023,2.96545675508205,2,COMPLETE
IZ-E,0.97,0.5004211555994883,0.9846551180279008,0.4632054339881015,139.70644889476264,102.21281580596435,0.0007743666921976314,0.46346755783361054,0.20036699303755487,0.09642327198500947,0.02795074743028564,0.11562160156965705,0.03660073705592998,0.8286704828923298,3.3438619466896022,24,COMPLETE
IZ-F,0.96,0.84642588361315,0.7114055900729127,0.40872944199416833,160.3930066318721,107.42244420887972,0.001078139512325109,0.4527715034433405,0.26334986249028297,0.11786332410340766,0.014198588144442869,0.11622815489177758,0.03301226949261433,0.8787079435714832,2.7002186516300237,43,COMPLETE
IZ-G,0.96,1.0995500705748344,1.2422911014506202,0.3821849535417696,169.8212057648225,98.42603536733138,0.0009391714528759747,0.43240963356068535,0.22973620175653728,0.08417560631730675,0.027726872264791685,0.3003731985412998,0.03981072987769608,0.8861659701778121,3.5799564269249604,18,COMPLETE
IZ-H,0.97,1.1114216705930962,0.5027764085779735,0.43447606405330513,143.8911760040437,100.51341160425254,0.0011717809246145534,0.4044450661516159,0.28120212420105345,0.1408291502600992,0.02220705276942892,0.27173250694108453,0.03193551901667634,0.7330359731823697,3.856738243345662,31,COMPLETE
