task,metric,test,stat,p_value,n_scenarios,significant,problem,epsilon2
classification,connections,friedman,19.485784919653852,0.006794333177502805,12.0,True,,
classification,nodes,friedman,10.813793103448267,0.14695003513323956,12.0,False,,
rl,nodes,kruskal,51.32241800509389,7.938893811702434e-09,,True,acrobot,0.589912850633263
rl,connections,kruskal,50.12920771254997,1.3625247970443364e-08,,True,acrobot,0.5761977897994249
rl,nodes,kruskal,18.61484552364027,0.009483444402756983,,True,cartpole,0.21396374165103757
rl,connections,kruskal,17.252001838097247,0.015841531989828125,,True,cartpole,0.1982988717022672
rl,nodes,kruskal,42.72196089058309,3.77436666977058e-07,,True,mountain,0.49105702173084015
rl,connections,kruskal,38.20251797239534,2.773023774961058e-06,,True,mountain,0.4391094019815556
