,IZ-A,IZ-B,IZ-C,IZ-D,IZ-E,IZ-F,IZ-G,IZ-H
IZ-A,0.0,-0.1900826446280992,0.15702479338842967,0.4049586776859504,0.008264462809917328,-0.5702479338842975,0.0826446280991735,0.11570247933884303
IZ-B,0.1900826446280992,0.0,0.4876033057851239,0.5537190082644627,0.09917355371900816,-0.20661157024793386,0.2727272727272727,0.4545454545454546
IZ-C,-0.15702479338842978,-0.487603305785124,0.0,0.17355371900826455,-0.22314049586776863,-0.8347107438016529,-0.12396694214876036,0.024793388429751984
IZ-D,-0.4049586776859504,-0.5537190082644627,-0.17355371900826444,0.0,-0.4049586776859504,-0.9008264462809917,-0.30578512396694213,-0.1900826446280992
IZ-E,-0.008264462809917328,-0.09917355371900827,0.22314049586776852,0.4049586776859504,0.0,-0.487603305785124,0.12396694214876036,0.20661157024793386
IZ-F,0.5702479338842976,0.20661157024793386,0.834710743801653,0.9008264462809918,0.4876033057851239,0.0,0.6363636363636365,0.71900826446281
IZ-G,-0.0826446280991735,-0.2727272727272727,0.12396694214876036,0.30578512396694224,-0.12396694214876036,-0.6363636363636364,0.0,0.15702479338842967
IZ-H,-0.11570247933884292,-0.4545454545454546,-0.024793388429752095,0.1900826446280992,-0.20661157024793386,-0.71900826446281,-0.15702479338842978,0.0
