problema,H,p_value,resultado
acrobot,18.49705284544712,0.00991775812066001,significativo
cartpole,25.95142020942818,0.0005138344854655147,significativo
mountain,9.223917452473284,0.2369770494178412,no significativo
