problema,H,p_value,epsilon2,resultado
acrobot,18.49705284544712,0.00991775812066001,0.21260980282123124,significativo
cartpole,25.95142020942818,0.0005138344854655147,0.29829218631526644,significativo
mountain,9.223917452473284,0.2369770494178412,0.10602203968360097,no significativo
