,IZ-A,IZ-B,IZ-C,IZ-D,IZ-E,IZ-F,IZ-G,IZ-H
IZ-A,0.0,0.0826446280991735,0.165289256198347,0.07438016528925617,-0.14049586776859502,-0.09090909090909094,-0.0826446280991735,-0.06611570247933884
IZ-B,-0.0826446280991735,0.0,0.2148760330578512,0.165289256198347,-0.3471074380165289,-0.44628099173553715,-0.2892561983471075,-0.07438016528925617
IZ-C,-0.1652892561983471,-0.2148760330578512,0.0,0.1074380165289257,-0.4297520661157025,-0.5950413223140496,-0.487603305785124,-0.15702479338842978
IZ-D,-0.07438016528925617,-0.1652892561983471,-0.1074380165289256,0.0,-0.4380165289256198,-0.5702479338842975,-0.5041322314049587,-0.2892561983471075
IZ-E,0.14049586776859502,0.3471074380165289,0.4297520661157024,0.43801652892561993,0.0,0.09090909090909083,0.03305785123966931,0.24793388429752072
IZ-F,0.09090909090909083,0.44628099173553726,0.5950413223140496,0.5702479338842976,-0.09090909090909094,0.0,-0.22314049586776863,0.2727272727272727
IZ-G,0.0826446280991735,0.28925619834710736,0.4876033057851239,0.5041322314049588,-0.03305785123966942,0.22314049586776852,0.0,0.23140495867768585
IZ-H,0.06611570247933884,0.07438016528925617,0.15702479338842967,0.28925619834710736,-0.2479338842975206,-0.2727272727272727,-0.23140495867768596,0.0
